{"flutter":{"platforms":{"android":{"default":{"projectId":"credsea-2bd5d","appId":"1:944532937810:android:0d2c0c4d8b40fc2530138b","fileOutput":"android/app/google-services.json"}},"ios":{"default":{"projectId":"credsea-2bd5d","appId":"1:944532937810:ios:a6b492973acfac9b30138b","uploadDebugSymbols":false,"fileOutput":"ios/Runner/GoogleService-Info.plist"}},"dart":{"lib/firebase_options.dart":{"projectId":"credsea-2bd5d","configurations":{"android":"1:944532937810:android:0d2c0c4d8b40fc2530138b","ios":"1:944532937810:ios:a6b492973acfac9b30138b"}}}}}}